boundary_fn_1.0s,boundary_fn_5.0s,boundary_fp_1.0s,boundary_fp_5.0s,boundary_tp_1.0s,boundary_tp_5.0s,gt_duration_s,gt_fragmentation_rate,gt_segments,gt_segments_split_across_2plus_pred,gt_segments_with_prediction_overlap,iou_ge_0_25,iou_ge_0_50,iou_ge_0_75,iou_mean,iou_median,iou_pairs,max_gt_overlapping_one_prediction,max_predictions_overlapping_one_gt,overlap_duration_s,pred_duration_s,pred_merge_rate,pred_segments,pred_segments_overlapping_gt,pred_segments_spanning_2plus_gt,segment_count_delta,segment_count_ratio,session_id,temporal_f1,temporal_precision,temporal_recall
55,39,164,148,16,32,1384.1278393268585,0.7027027027027027,37,26,37,21,14,6,0.4027788389680467,0.33708752631873773,36,3,6,846.6348383426666,917.3980000019073,0.25555555555555554,90,82,23,53,2.4324324324324325,ses_20260701-035622-SIDDHIGUPTAB00B,0.735716126993026,0.9228653630604235,0.6116738745421157
54,38,155,139,9,25,1233.8574678897858,0.7878787878787878,33,26,33,14,7,2,0.29694391592216296,0.16878970778380292,32,4,7,697.118646144867,719.9889993667603,0.24390243902439024,82,74,20,49,2.484848484848485,ses_20260630-164418-MSI,0.7135859012747424,0.9682351352006654,0.5649912281498117
40,23,134,117,8,25,1167.2409760951996,0.6071428571428571,28,17,27,15,10,2,0.38350209559255155,0.3655618928323242,26,2,15,573.5064015388489,588.8419997692108,0.18309859154929578,71,63,13,43,2.5357142857142856,ses_20260701-054901-LAPTOP-R36BQBTE,0.653165493226819,0.9739563444245273,0.49133504844682047
52,39,133,120,9,22,1244.4896266460419,0.7272727272727273,33,24,33,18,7,2,0.3286627143926366,0.2651115983331582,32,4,7,795.0038003921509,798.7329998016357,0.29577464788732394,71,67,21,38,2.1515151515151514,ses_20260701-145907-MSI,0.7781861752131582,0.9953311063767104,0.6388191459134325
52,40,130,118,12,24,1191.3320922851562,0.6060606060606061,33,20,33,16,7,3,0.338707306283524,0.2661909730933757,30,4,7,752.5467646121979,757.1670000553131,0.2112676056338028,71,60,15,38,2.1515151515151514,ses_20260701-131247-MSI,0.7724373776415413,0.993897996818697,0.6316851275018527
46,31,121,106,13,28,1534.487694978714,0.6774193548387096,31,21,31,15,8,5,0.339493420348681,0.264752668744253,30,3,5,649.3875472545624,650.2449991703033,0.23880597014925373,67,65,16,36,2.161290322580645,ses_20260701-124033-SIDDHIGUPTAB00B,0.5944778040752556,0.998681340238164,0.4231950177114783
73,60,148,135,12,25,2496.572337627411,0.6590909090909091,44,29,44,18,8,3,0.30012140636484724,0.2021764875029247,40,4,5,920.2252254486084,941.5719993114471,0.2875,80,74,23,36,1.8181818181818181,ses_20260701-115141-SIDDHIGUPTAB00B,0.5353034283999422,0.9773285804182269,0.3685954584929568
73,60,149,136,7,20,1536.7281756401062,0.6428571428571429,42,27,42,21,11,1,0.35626176237186097,0.3144059115976629,37,5,8,1008.8824236392975,1012.6909992694855,0.32051282051282054,78,78,25,36,1.8571428571428572,ses_20260701-070320-JAYESH,0.7914606068459299,0.9962391532728786,0.6565132595548717
38,30,122,114,10,18,1323.0403044223785,0.7333333333333333,30,22,30,13,8,2,0.31967618495588135,0.22489719194045305,29,4,8,658.4462792873383,658.8710000514984,0.2727272727272727,66,65,18,36,2.2,ses_20260701-032825-CHAITANYA0BCF,0.6644558490594321,0.9993553810015512,0.49767665965006785
47,37,132,122,10,20,1202.9688920974731,0.7428571428571429,35,26,35,16,8,2,0.3260729834300066,0.21551293532052684,33,4,5,775.871823310852,779.7580003738403,0.29577464788732394,71,69,21,36,2.0285714285714285,ses_20260630-135451-CHAITANYA0BCF,0.782631058525452,0.9950161754529929,0.644964161922805
44,36,128,120,10,18,1274.572393655777,0.47058823529411764,34,16,34,16,10,3,0.37180488654278326,0.3259681723911451,28,5,4,772.3460149765015,812.3050005435944,0.2028985507246377,69,51,14,35,2.0294117647058822,ses_20260701-014804-yuvraj,0.7401929956434372,0.950807904001142,0.6059648073509809
57,43,127,113,7,21,1140.997929573059,0.7272727272727273,33,24,33,17,10,3,0.3531085901876666,0.25480821189610336,33,3,5,720.6096262931824,725.686000585556,0.3283582089552239,67,60,22,34,2.0303030303030303,ses_20260701-124636-MSI,0.7720746020800114,0.9930047234089158,0.631560853544074
32,27,111,106,9,14,1065.8005225658417,0.6538461538461539,26,17,26,10,5,3,0.32550579739522895,0.19856519995680916,24,4,8,567.7791464328766,570.4689998626709,0.23333333333333334,60,59,14,34,2.3076923076923075,ses_20260701-051820-CHAITANYA0BCF,0.6939922044018667,0.9952848385618818,0.5327255282874015
67,42,138,113,11,36,2187.2258067131042,0.7073170731707317,41,29,41,12,3,1,0.2173758359673103,0.19136566095505092,40,3,5,593.9002847671509,596.3220014572144,0.22666666666666666,75,73,17,34,1.829268292682927,ses_20260701-043922-SIDDHIGUPTAB00B,0.4267218138118011,0.9959389110511676,0.2715313082647127
36,23,116,103,8,21,1098.2970280647278,0.6785714285714286,28,19,28,10,8,2,0.33273634516437955,0.20020391468566864,26,4,6,566.0590617656708,568.2340006828308,0.24193548387096775,62,58,15,34,2.2142857142857144,ses_20260630-131729-CHAITANYA0BCF,0.6793261595508113,0.9961724590317608,0.5153970622711275
39,27,108,96,10,22,1399.5557324886322,0.7037037037037037,27,19,27,11,7,1,0.2982205927714526,0.17232240451215564,26,3,5,576.8470859527588,577.7819991111755,0.22033898305084745,59,57,13,32,2.185185185185185,ses_20260701-155031-CHAITANYA0BCF,0.5834583305969165,0.9983818928941106,0.412164426583451
52,43,119,110,13,22,1618.0287239551544,0.6,35,21,35,18,9,2,0.319692710967928,0.3239373099728824,31,5,5,791.9419157505035,814.9639999866486,0.25757575757575757,66,63,17,31,1.8857142857142857,ses_20260701-141430-SIDDHIGUPTAB00B,0.6510022886278445,0.9717507960639707,0.4894486136282295
47,37,112,102,14,24,1386.0219187736511,0.65625,32,21,32,13,6,2,0.30199090700072423,0.236870596957982,29,3,6,672.5960893630981,674.9270000457764,0.2857142857142857,63,62,18,31,1.96875,ses_20260701-124550-LAPTOP-0IM1OHQH,0.6527052497238808,0.9965464254911715,0.4852708894807447
50,38,117,105,15,27,1563.217059135437,0.6857142857142857,35,24,35,19,13,5,0.3733788912052613,0.2923738289789079,35,3,5,701.3424434661865,703.6570000648499,0.25757575757575757,66,65,17,31,1.8857142857142857,ses_20260701-100550-Marcos,0.618774951894423,0.9967106749475241,0.4486532688263238
45,31,114,100,12,26,1641.5669357776642,0.75,32,24,32,15,6,4,0.31973811411911196,0.22714254224801103,31,4,4,633.7079088687897,636.6320004463196,0.25396825396825395,63,62,16,31,1.96875,ses_20260701-095337-LAPTOP-0IM1OHQH,0.55632359298625,0.9954069359135577,0.38603842161853813
65,58,130,123,6,13,1387.1827538013458,0.5945945945945946,37,22,37,19,12,5,0.36452400405983865,0.26865731602986487,37,3,6,905.9274008274078,908.1079993247986,0.3088235294117647,68,68,21,31,1.837837837837838,ses_20260630-145433-JAYESH,0.789379210100987,0.997598745414629,0.6530699710221044
49,38,113,102,13,24,1504.8200945854187,0.696969696969697,33,23,33,18,11,4,0.3701362645375823,0.3156265266688789,32,3,6,698.7101485729218,699.5849990844727,0.3333333333333333,63,61,21,30,1.9090909090909092,ses_20260701-131015-SIDDHIGUPTAB00B,0.6339217329694243,0.9987494721689347,0.46431473841091814
45,33,108,96,14,26,1332.874487400055,0.5806451612903226,31,18,31,13,6,1,0.32124159449211404,0.2349227741280865,26,4,7,695.4283215999603,703.5760006904602,0.21311475409836064,61,59,13,30,1.967741935483871,ses_20260701-074424-SIDDHIGUPTAB00B,0.682980829307597,0.9884196176638997,0.521750793622349
58,50,122,114,8,16,1458.1102204322815,0.6,35,21,35,18,7,2,0.35091888351470124,0.34676160288315216,32,4,6,824.6388366222382,827.3949997425079,0.26153846153846155,65,64,17,30,1.8571428571428572,ses_20260701-053720-SIDDHIGUPTAB00B,0.7216249863206805,0.9966688665980244,0.5655531557674426
52,43,120,111,8,17,1327.584630727768,0.5588235294117647,34,19,34,14,7,2,0.3272708047801559,0.2505589789323126,28,6,5,727.1620054244995,768.9090008735657,0.265625,64,50,17,30,1.8823529411764706,ses_20260701-005920-yuvraj,0.6936935027740408,0.9457061948791899,0.5477330699632135
47,39,111,103,9,17,1297.9600570201874,0.6451612903225806,31,20,31,15,11,3,0.3664972408261322,0.27376835214662465,30,3,6,684.8315715789795,686.6469993591309,0.2833333333333333,60,59,17,29,1.935483870967742,ses_20260701-120828-LAPTOP-0IM1OHQH,0.6901432395674074,0.9973560974098106,0.527621453275837
53,43,114,104,6,16,1078.7323307991028,0.7096774193548387,31,22,31,12,6,1,0.30813449941394955,0.1981117504759708,29,5,5,674.1770348548889,680.5130007266998,0.3,60,60,18,29,1.935483870967742,ses_20260701-075604-LAPTOP-0IM1OHQH,0.7664389073810094,0.9906894271453375,0.6249715667235749
48,40,113,105,5,13,1435.4320614337921,0.7741935483870968,31,24,31,13,3,3,0.2983379737035815,0.21024164257349495,30,4,5,671.7301666736603,690.2410008907318,0.3559322033898305,59,55,21,28,1.903225806451613,ses_20260701-090300-Marcos,0.6320164455949698,0.973182070909749,0.46796374744667296
42,28,102,88,24,38,1236.5963821411133,0.45714285714285713,35,16,35,23,17,10,0.47497695207330193,0.521440756819527,33,3,4,632.8317859172821,636.1160004138947,0.12698412698412698,63,58,8,28,1.8,ses_20260701-051850-LAPTOP-R36BQBTE,0.675845145055203,0.9948370823961736,0.5117529009922875
32,19,94,81,14,27,966.1933498382568,0.5384615384615384,26,14,26,14,8,4,0.3834936720315086,0.26657996470032386,26,2,4,432.03091621398926,441.6989994049072,0.12962962962962962,54,47,7,28,2.076923076923077,ses_20260630-125757-LAPTOP-R36BQBTE,0.6137272021489919,0.9781116026888366,0.4471474744535473
45,39,114,108,10,16,1273.7695064544678,0.5882352941176471,34,20,34,19,13,4,0.38794985607127935,0.3218604031844126,32,4,7,813.0242066383362,816.9860000610352,0.3225806451612903,62,59,20,28,1.8235294117647058,ses_20260630-124826-CHAITANYA0BCF,0.7777324551863449,0.9951507205479616,0.6382820459420369
57,48,115,106,9,18,1523.5072503089905,0.6571428571428571,35,23,35,14,7,1,0.29561369891989714,0.23359174467650243,30,5,5,784.0347805023193,786.5339982509613,0.3064516129032258,62,60,19,27,1.7714285714285714,ses_20260701-134215-SIDDHIGUPTAB00B,0.678805870666661,0.9968224924107546,0.5146249092961686
55,44,112,101,8,19,1265.7922909259796,0.6060606060606061,33,20,33,15,8,1,0.32682802216085466,0.2505795034714041,30,4,5,757.6348769664764,761.6389997005463,0.26666666666666666,60,54,16,27,1.8181818181818181,ses_20260701-055918-MSI,0.7473840227969932,0.9947427551167363,0.5985459718768196
48,32,104,88,10,26,1326.8267967700958,0.6666666666666666,30,20,30,16,9,5,0.3830256824128379,0.26485884517499325,29,3,4,634.1656882762909,636.9580001831055,0.2807017543859649,57,55,16,27,1.9,ses_20260701-055037-Marcos,0.6458606760376133,0.995616175782372,0.47795664801166593
37,21,95,79,15,31,1165.4969885349274,0.5,28,14,28,18,13,7,0.4709334380445448,0.48995442001656486,26,2,4,544.5731024742126,549.739000082016,0.14545454545454545,55,49,8,27,1.9642857142857142,ses_20260630-135201-LAPTOP-R36BQBTE,0.6349832980280709,0.9906029995924746,0.46724539645422947
51,46,116,111,8,13,1308.3032925128937,0.5405405405405406,37,20,37,17,10,3,0.3412775538519871,0.28435887305793395,32,4,8,870.1732811927795,872.346001625061,0.2903225806451613,62,60,18,25,1.6756756756756757,ses_20260701-065151-CHAITANYA0BCF,0.7980864080546918,0.9975093364006552,0.6651158689063712
56,47,112,103,4,13,1137.4630637168884,0.696969696969697,33,23,33,16,9,1,0.3434775035557001,0.2876681319430182,30,4,4,773.821653842926,782.3609988689423,0.3793103448275862,58,50,22,25,1.7575757575757576,ses_20260701-053005-MSI,0.8061380924673459,0.9890851601263847,0.6803048630997377
53,38,106,91,6,21,1159.7929697036743,0.6451612903225806,31,20,31,17,8,2,0.3576469411571671,0.3087850884756504,27,5,5,692.8168697357178,705.524998664856,0.32142857142857145,56,53,18,25,1.8064516129032258,ses_20260630-163424-SIDDHIGUPTAB00B,0.7428405038543415,0.9819876985887287,0.5973625361022249
52,45,104,97,12,19,1428.6688721179962,0.7058823529411765,34,24,34,15,6,2,0.31213811972710886,0.20448844275711658,31,4,4,752.4570515155792,768.4720005989075,0.3448275862068966,58,55,20,24,1.7058823529411764,ses_20260701-092027-SIDDHIGUPTAB00B,0.6849420179281619,0.9791600096414091,0.52668401069036
38,27,93,82,7,18,994.076545715332,0.6923076923076923,26,18,26,10,4,0,0.28460398143211224,0.20411445036020157,23,4,6,582.1408922672272,585.3180005550385,0.32,50,47,16,24,1.9230769230769231,ses_20260701-081732-CHAITANYA0BCF,0.7371696877666345,0.9945719962741646,0.5856097247001455
54,47,105,98,7,14,1191.4425888061523,0.6060606060606061,33,20,33,13,5,1,0.28044039716009583,0.2276445842412318,28,5,6,739.5425450801849,744.1800003051758,0.30357142857142855,56,53,17,23,1.696969696969697,ses_20260701-072319-MSI,0.7641391965979478,0.9937683689119714,0.6207118597474515
53,43,105,95,7,17,1197.682558298111,0.6666666666666666,33,22,33,21,11,3,0.3773807418105065,0.31962445302549913,33,3,5,734.6640968322754,738.4130005836487,0.32142857142857145,56,53,18,23,1.696969696969697,ses_20260701-062732-MSI,0.7589130541228027,0.994923025802078,0.6134046886983326
39,25,87,73,13,27,1102.626071214676,0.5185185185185185,27,14,27,17,9,6,0.4253771582179254,0.3823614593622661,26,3,4,542.0297207832336,546.1029987335205,0.14,50,43,7,23,1.8518518518518519,ses_20260630-132737-LAPTOP-R36BQBTE,0.6575121779107884,0.9925411910212298,0.4915807225437019
42,36,88,82,10,16,1188.109913110733,0.6666666666666666,27,18,27,16,7,1,0.3452885243170309,0.31234425763616736,26,4,6,578.6209568977356,580.9229996204376,0.2857142857142857,49,48,14,22,1.8148148148148149,ses_20260701-110548-LAPTOP-0IM1OHQH,0.6541664123189382,0.9960372670315926,0.4870096196594966
50,38,102,90,6,18,1197.0003354549408,0.59375,32,19,32,16,7,1,0.35820696729200474,0.2955573605196149,29,4,5,715.8280265331268,718.1100008487701,0.2777777777777778,54,53,15,22,1.6875,ses_20260701-103521-LAPTOP-0IM1OHQH,0.7475580001460617,0.9968222496373172,0.598018233855435
48,37,107,96,7,18,1324.6250166893005,0.6285714285714286,35,22,35,20,8,2,0.3584013569045761,0.3477026191870377,32,4,5,837.8912987709045,840.2490000724792,0.3684210526315789,57,56,21,22,1.6285714285714286,ses_20260701-072435-CHAITANYA0BCF,0.7740785766593687,0.9971940445018425,0.6325498070881123
37,27,86,76,10,20,1025.93803524971,0.5555555555555556,27,15,27,12,7,4,0.3531551511081388,0.25805512239932704,24,3,5,574.0703234672546,581.5159986019135,0.22448979591836735,49,47,11,22,1.8148148148148149,ses_20260701-030836-yuvraj,0.714260328914941,0.987196095803796,0.5595565265572084
35,23,82,70,16,28,1172.300978899002,0.39285714285714285,28,11,28,15,10,5,0.40493705680414144,0.34148137266671463,25,2,6,528.9799299240112,531.7400002479553,0.14285714285714285,49,47,7,21,1.75,ses_20260701-063106-LAPTOP-R36BQBTE,0.620853531572719,0.9948093611113381,0.45123218307027
60,49,106,95,4,15,1220.6797425746918,0.6764705882352942,34,23,34,15,6,1,0.3419148577606665,0.26101824236364335,30,4,5,754.1759099960327,757.4350006580353,0.34545454545454546,55,53,19,21,1.6176470588235294,ses_20260701-062250-Marcos,0.7625198816965728,0.9956972008698156,0.6178327399824821
58,44,104,90,2,16,1166.3437786102295,0.53125,32,17,32,18,8,0,0.3598245839219906,0.3005297830369506,27,4,5,737.0640428066254,742.0590016841888,0.32075471698113206,53,49,17,21,1.65625,ses_20260630-121953-LAPTOP-R36BQBTE,0.7724407556070685,0.9932687847378351,0.6319440771441184
51,43,94,86,6,14,1413.8180739879608,0.6333333333333333,30,19,30,13,7,2,0.33443674721309713,0.21931562325283196,27,3,4,629.6078624725342,630.054000377655,0.3,50,49,15,20,1.6666666666666667,ses_20260701-110917-Marcos,0.6160932187186462,0.9992919052893031,0.4453245251679358
51,36,93,78,11,26,1403.1923410892487,0.6363636363636364,33,21,33,16,8,3,0.3564101299517102,0.28269671549463893,30,4,5,723.4589998722076,724.5259997844696,0.3269230769230769,52,50,17,19,1.5757575757575757,ses_20260701-123729-Marcos,0.6800326772340828,0.9985273131501432,0.515580778691118
45,40,87,82,7,12,1145.1530220508575,0.7142857142857143,28,20,28,16,10,2,0.3474655817988889,0.30058444851911187,25,5,5,637.1710276603699,640.3089997768402,0.3404255319148936,47,46,16,19,1.6785714285714286,ses_20260701-093900-Marcos,0.7137323783657143,0.9950992846929155,0.5564068865829465
37,32,80,75,11,16,1167.2409760951996,0.5714285714285714,28,16,28,13,6,2,0.3645768032279788,0.3010463315520638,23,5,6,627.0909237861633,627.904000043869,0.2608695652173913,46,45,12,18,1.6428571428571428,ses_20260701-054930-CHAITANYA0BCF,0.6986521223872262,0.9987050946360448,0.5372420405287572
36,30,83,77,9,15,1163.0773684978485,0.5714285714285714,28,16,28,13,7,3,0.34605670604790545,0.24939848505323287,26,4,6,624.5481164455414,626.2470002174377,0.2608695652173913,46,45,12,18,1.6428571428571428,ses_20260701-022828-yuvraj,0.6980826141589517,0.9972871985473679,0.5369789950019964
50,41,87,78,7,16,1268.617660522461,0.6333333333333333,30,19,30,15,9,2,0.34585528894578815,0.3136703702222353,28,5,5,679.9702634811401,682.1309990882874,0.3404255319148936,47,45,16,17,1.5666666666666667,ses_20260701-120612-Marcos,0.6971377477371392,0.9968323744119015,0.5359930612987878
52,41,90,79,8,19,1209.7176914215088,0.53125,32,17,32,20,12,4,0.39990773916840877,0.3749327277916141,30,3,5,713.9105038642883,716.0309994220734,0.2857142857142857,49,48,14,17,1.53125,ses_20260701-103853-Marcos,0.7414368315645142,0.9970385422425893,0.5901463696256191
53,43,92,82,4,14,2722.6019701957703,0.6129032258064516,31,19,31,15,7,2,0.32958966022509845,0.26502375686114615,28,4,6,749.7366609573364,752.128999710083,0.4166666666666667,48,47,20,17,1.5483870967741935,ses_20260701-081120-SIDDHIGUPTAB00B,0.4315365232305455,0.9968192441008541,0.2753750526755941
34,25,74,65,6,15,812.5351767539978,0.4583333333333333,24,11,24,13,8,3,0.4039707169980909,0.4012422015504571,20,3,7,520.8143408298492,524.7249999046326,0.275,40,39,11,16,1.6666666666666667,ses_20260701-075548-CHAITANYA0BCF,0.7789274666522883,0.992547221734253,0.6409745149870975
47,39,83,75,9,17,1230.5335376262665,0.5333333333333333,30,16,30,16,6,3,0.3623502816898696,0.34459205089019773,25,4,5,673.2829329967499,674.325001001358,0.32608695652173914,46,44,15,16,1.5333333333333334,ses_20260701-071849-Marcos,0.706911216075734,0.9984546502012224,0.54714716211273
40,30,76,66,8,18,1092.386605501175,0.5925925925925926,27,16,27,13,9,4,0.371035300782413,0.29535729675311356,26,3,4,580.0490574836731,580.7050004005432,0.3333333333333333,42,42,14,15,1.5555555555555556,ses_20260701-172430-yuvraj,0.6933858916482386,0.9988704369405849,0.5309924660029615
53,41,86,74,12,24,1103.4446263313293,0.4411764705882353,34,15,34,17,10,5,0.40473601783884045,0.3982960070884458,28,4,7,753.4049441814423,756.760999917984,0.32653061224489793,49,48,16,15,1.4411764705882353,ses_20260701-083656-LAPTOP-0IM1OHQH,0.8100232937156674,0.9955652369282965,0.6827754888673668
46,42,50,46,2,6,1470.4716796875,0.25,32,8,11,3,1,0,0.24124875636146795,0.1400131778203964,10,3,6,226.42589044570923,226.88299918174744,0.2692307692307692,26,25,7,-6,0.8125,ses_20260701-152030-CHAITANYA0BCF,0.2667985580910535,0.9979852666894974,0.153981809764489
