workflow_id,execution_count,session_count,actor_or_machine_count,total_duration_s,mean_duration_s,median_duration_s,duration_share,total_activity_count,mean_activity_count,unique_apps,total_app_switches,unique_variants,dominant_variant_count,dominant_variant_share,explicit_entity_value_count,explicit_entity_type_count,screening_volume_score,screening_time_score,screening_repeatability_score
WORKFLOW_006,64,10,4,1574.618,24.603,22.561,0.148902,1310,20.47,6,1169,62,2,0.03125,0,0,4.1744,7.3624,0.0312
WORKFLOW_014,43,8,4,1123.866,26.136,24.689,0.106277,972,22.6,6,765,40,3,0.069767,0,0,3.7842,7.0254,0.0698
WORKFLOW_004,43,9,4,1010.657,23.504,24.003,0.095572,776,18.05,8,840,38,5,0.116279,6,1,3.7842,6.9193,0.1163
WORKFLOW_010,41,9,4,1065.501,25.988,24.958,0.100758,872,21.27,7,637,40,2,0.04878,0,0,3.7377,6.9721,0.0488
WORKFLOW_007,32,10,4,776.901,24.278,22.498,0.073467,704,22.0,6,746,32,1,0.03125,3,1,3.4965,6.6566,0.0312
WORKFLOW_005,26,4,3,776.916,29.881,27.788,0.073468,702,27.0,7,799,24,2,0.076923,12,1,3.2958,6.6566,0.0769
WORKFLOW_008,22,7,4,643.678,29.258,24.403,0.060869,573,26.05,4,570,21,2,0.090909,0,0,3.1355,6.4688,0.0909
WORKFLOW_018,21,2,1,532.302,25.348,24.216,0.050337,470,22.38,6,571,21,1,0.047619,0,0,3.091,6.2791,0.0476
WORKFLOW_003,17,7,3,462.192,27.188,27.251,0.043707,355,20.88,7,225,17,1,0.058824,17,1,2.8904,6.1381,0.0588
WORKFLOW_015,15,8,3,364.903,24.327,21.13,0.034507,314,20.93,6,257,14,2,0.133333,0,0,2.7726,5.9024,0.1333
WORKFLOW_001,13,10,4,259.625,19.971,18.193,0.024551,287,22.08,6,139,13,1,0.076923,3,1,2.6391,5.5631,0.0769
WORKFLOW_002,12,9,4,404.78,33.732,25.533,0.038278,641,53.42,7,240,12,1,0.083333,0,0,2.5649,6.0058,0.0833
WORKFLOW_016,11,4,3,416.884,37.899,34.546,0.039422,358,32.55,8,368,11,1,0.090909,2,1,2.4849,6.0352,0.0909
WORKFLOW_013,11,4,3,298.487,27.135,26.324,0.028226,267,24.27,4,309,11,1,0.090909,0,0,2.4849,5.7021,0.0909
WORKFLOW_009,9,7,4,315.226,35.025,31.107,0.029809,207,23.0,6,191,9,1,0.111111,0,0,2.3026,5.7565,0.1111
WORKFLOW_011,7,1,1,171.225,24.461,24.782,0.016192,139,19.86,4,108,6,2,0.285714,16,1,2.0794,5.1488,0.2857
WORKFLOW_012,5,5,4,188.972,37.794,32.999,0.01787,124,24.8,3,129,5,1,0.2,1,1,1.7918,5.2469,0.2
WORKFLOW_017,3,2,1,64.603,21.534,15.058,0.006109,62,20.67,6,14,3,1,0.333333,0,0,1.3863,4.1836,0.3333
WORKFLOW_019,3,2,2,63.031,21.01,20.32,0.00596,29,9.67,4,20,3,1,0.333333,0,0,1.3863,4.1594,0.3333
WORKFLOW_020,2,1,1,60.464,30.232,29.691,0.005718,7,3.5,2,1,2,1,0.5,0,0,1.0986,4.1185,0.5
