activities_evaluated,predicted_positive_pairs,ground_truth_positive_pairs,true_positive_pairs,false_positive_pairs,false_negative_pairs,precision,recall,f1,jaccard,predicted_execution_groups,gt_execution_groups,max_pred_group_size,max_gt_group_size,session_id,gt_assigned_activity_count,pred_assigned_activity_count,gt_ambiguous_activity_count
388,5121,2090,1235,3886,855,0.24116383518843976,0.5909090909090909,0.3425322424074331,0.20665997322623827,50,57,70,21,ses_20260630-121953-LAPTOP-R36BQBTE,363,384,0
686,9454,8032,4675,4779,3357,0.4944996826740004,0.5820468127490039,0.5347134850737731,0.3649207712122395,60,52,56,75,ses_20260630-124826-CHAITANYA0BCF,668,679,0
290,1104,1215,747,357,468,0.6766304347826086,0.6148148148148148,0.6442432082794307,0.4751908396946565,60,61,19,15,ses_20260630-125757-LAPTOP-R36BQBTE,255,286,0
528,6500,4584,2469,4031,2115,0.37984615384615383,0.5386125654450262,0.4455070371706965,0.28659315147997677,69,44,73,29,ses_20260630-131729-CHAITANYA0BCF,512,519,0
338,1716,1588,1079,637,509,0.6287878787878788,0.679471032745592,0.6531476997578692,0.4849438202247191,60,65,25,15,ses_20260630-132737-LAPTOP-R36BQBTE,300,334,0
339,1857,1527,971,886,556,0.5228863758750674,0.6358873608382449,0.5738770685579198,0.402403646912557,68,70,37,17,ses_20260630-135201-LAPTOP-R36BQBTE,297,335,0
675,10440,6204,3624,6816,2580,0.3471264367816092,0.5841392649903289,0.4354722422494593,0.2783410138248848,64,52,73,41,ses_20260630-135451-CHAITANYA0BCF,658,668,0
783,15382,8213,4914,10468,3299,0.31946430893251854,0.5983197370023134,0.4165289256198347,0.2630480167014614,60,45,101,38,ses_20260630-145433-JAYESH,775,776,0
627,15868,5230,3423,12445,1807,0.2157171666246534,0.6544933078393882,0.32448573324485736,0.19366336633663367,55,84,110,28,ses_20260630-163424-SIDDHIGUPTAB00B,574,619,0
671,6686,5539,2975,3711,2564,0.4449596171103799,0.5371005596678101,0.48670756646216773,0.3216216216216216,88,93,58,27,ses_20260630-164418-MSI,611,661,0
691,12871,4360,2885,9986,1475,0.22414730790148396,0.661697247706422,0.33486158667517846,0.20110135229332218,82,172,100,26,ses_20260701-005920-yuvraj,553,684,0
682,11344,4668,3268,8076,1400,0.2880818053596615,0.7000856898029134,0.4081938546090432,0.2564344005021971,71,147,93,28,ses_20260701-014804-yuvraj,569,675,0
510,9614,4498,3279,6335,1219,0.34106511337632617,0.7289906625166741,0.46471088435374147,0.3026862364995846,47,40,84,31,ses_20260701-022828-yuvraj,498,504,0
466,7634,3937,2730,4904,1207,0.35761068902279275,0.6934213868427737,0.4718693284936478,0.3087885985748218,49,38,65,32,ses_20260701-030836-yuvraj,455,461,0
593,7297,5507,2922,4375,2585,0.4004385363848157,0.5305974214635918,0.4564198687910028,0.2956891317547055,76,43,63,31,ses_20260701-032825-CHAITANYA0BCF,580,584,0
737,6719,6266,3392,3327,2874,0.5048370293198393,0.5413341844877114,0.5224489795918367,0.35359116022099446,97,93,48,33,ses_20260701-035622-SIDDHIGUPTAB00B,681,727,0
517,4346,3348,2023,2323,1325,0.4654855039116429,0.6042413381123058,0.5258643098518326,0.35672720860518425,82,56,49,23,ses_20260701-043922-SIDDHIGUPTAB00B,502,510,0
511,5021,4801,2324,2697,2477,0.46285600477992433,0.48406581962091233,0.47322337609448184,0.3099493198186183,66,39,43,34,ses_20260701-051820-CHAITANYA0BCF,498,504,0
401,1919,1955,1350,569,605,0.7034914017717562,0.690537084398977,0.6969540526587508,0.53486529318542,71,59,25,16,ses_20260701-051850-LAPTOP-R36BQBTE,377,397,0
689,17261,5858,3894,13367,1964,0.2255952725798042,0.6647319904404233,0.33686578139192874,0.2025487646293888,69,98,128,33,ses_20260701-053005-MSI,624,679,0
668,9192,6116,3978,5214,2138,0.43276762402088775,0.6504251144538914,0.5197282466684088,0.35110326566637245,67,45,56,28,ses_20260701-053720-SIDDHIGUPTAB00B,658,662,0
410,2066,3835,987,1079,2848,0.4777347531461762,0.2573663624511082,0.3345195729537367,0.20085470085470086,77,87,27,59,ses_20260701-054901-LAPTOP-R36BQBTE,351,406,0
706,24548,22700,15155,9393,7545,0.6173619032100375,0.6676211453744494,0.6415086352861498,0.47222135668214255,59,42,153,190,ses_20260701-054930-CHAITANYA0BCF,692,697,0
521,5716,4145,2527,3189,1618,0.4420923722883135,0.6096501809408926,0.51252408477842,0.344559585492228,60,44,48,24,ses_20260701-055037-Marcos,507,514,0
651,10175,5400,3538,6637,1862,0.3477149877149877,0.6551851851851852,0.4543178170144462,0.29392705823710225,73,79,70,30,ses_20260701-055918-MSI,605,639,0
570,9330,4433,2735,6595,1698,0.29314040728831725,0.6169636814798105,0.397442418077454,0.2480050779833152,57,47,91,23,ses_20260701-062250-Marcos,557,563,0
645,11207,5315,3586,7621,1729,0.31997858481306324,0.6746942615239887,0.4340878828229027,0.27721088435374147,68,79,86,30,ses_20260701-062732-MSI,599,633,0
321,1511,1623,1023,488,600,0.6770350761085374,0.6303142329020333,0.6528398213146138,0.48460445286594034,62,47,22,21,ses_20260701-063106-LAPTOP-R36BQBTE,302,320,0
712,14960,6720,4036,10924,2684,0.2697860962566845,0.6005952380952381,0.3723247232472324,0.22874631602811155,72,54,128,38,ses_20260701-065151-CHAITANYA0BCF,695,704,0
935,16592,14104,8163,8429,5941,0.4919840887174542,0.5787719795802609,0.5318608287724785,0.3622686726135002,78,51,83,110,ses_20260701-070320-JAYESH,926,928,0
509,6580,4053,2495,4085,1558,0.3791793313069909,0.615593387614113,0.4692937082667168,0.30658638486114526,54,43,57,24,ses_20260701-071849-Marcos,496,502,0
637,9771,5252,3340,6431,1912,0.341827857946986,0.635948210205636,0.4446515343140518,0.28588547462124453,70,78,64,30,ses_20260701-072319-MSI,592,627,0
650,9025,5544,3461,5564,2083,0.38349030470914125,0.6242784992784993,0.4751184020866223,0.31157724162765577,60,50,60,22,ses_20260701-072435-CHAITANYA0BCF,635,643,0
708,12717,5667,3426,9291,2241,0.26940316112290635,0.6045526733721546,0.3727154046997389,0.22904131568391498,69,148,80,31,ses_20260701-074424-SIDDHIGUPTAB00B,591,699,0
429,4744,3637,2290,2454,1347,0.48271500843170323,0.6296398130327193,0.5464741677604105,0.37596453784271877,45,37,45,34,ses_20260701-075548-CHAITANYA0BCF,416,422,0
580,8451,5177,3114,5337,2063,0.36847710330138445,0.6015066640911725,0.4570002935133549,0.2961765265360472,57,44,84,34,ses_20260701-075604-LAPTOP-0IM1OHQH,567,573,0
591,10208,5422,3483,6725,1939,0.34120297805642635,0.6423828845444486,0.44568138195777357,0.28673746604099776,59,41,68,29,ses_20260701-081120-SIDDHIGUPTAB00B,581,582,0
499,7005,4558,2529,4476,2029,0.36102783725910065,0.5548486178148311,0.4374297327683127,0.2799424396723489,57,44,69,39,ses_20260701-081732-CHAITANYA0BCF,481,492,0
576,9941,4609,3344,6597,1265,0.33638466955034707,0.7255369928400954,0.45965635738831623,0.29841156523291096,46,47,73,27,ses_20260701-083656-LAPTOP-0IM1OHQH,563,571,0
569,8761,4671,2856,5905,1815,0.32599018376897615,0.6114322414900449,0.4252531268612269,0.2700453857791225,58,63,94,34,ses_20260701-090300-Marcos,537,564,0
624,9123,5154,3297,5826,1857,0.3613942781979612,0.639697322467986,0.46186173565875177,0.30027322404371587,58,56,82,22,ses_20260701-092027-SIDDHIGUPTAB00B,602,617,0
482,11774,3854,2563,9211,1291,0.21768303040597928,0.6650233523611832,0.3280010238034297,0.19617298124760812,46,41,97,25,ses_20260701-093900-Marcos,469,475,0
518,4430,3841,1911,2519,1930,0.43137697516930024,0.49752668575891695,0.4620964816829887,0.30047169811320756,82,47,63,22,ses_20260701-095337-LAPTOP-0IM1OHQH,503,509,0
569,6738,4305,2714,4024,1591,0.40279014544375186,0.6304297328687573,0.49153309789006616,0.32584944170968905,73,47,62,24,ses_20260701-100550-Marcos,557,562,0
517,7904,3933,2232,5672,1701,0.2823886639676113,0.5675057208237986,0.3771225817352369,0.23237896928682977,52,44,66,25,ses_20260701-103521-LAPTOP-0IM1OHQH,505,512,0
560,10090,4773,3245,6845,1528,0.321605550049554,0.6798659124240519,0.43665478032698646,0.27930797039077293,48,43,65,36,ses_20260701-103853-Marcos,549,554,0
481,7469,4051,2414,5055,1637,0.32320257062525104,0.5959022463589237,0.41909722222222223,0.26509993410937843,50,40,96,28,ses_20260701-110548-LAPTOP-0IM1OHQH,468,476,0
534,8754,4563,2978,5776,1585,0.34018734292894676,0.6526408064869603,0.4472478786513479,0.28803559338427315,59,41,88,33,ses_20260701-110917-Marcos,523,525,0
837,12860,7048,4515,8345,2533,0.3510886469673406,0.6406072644721907,0.45358649789029537,0.2933151432469304,79,86,62,33,ses_20260701-115141-SIDDHIGUPTAB00B,795,824,0
519,9424,4132,2863,6561,1269,0.3037988115449915,0.6928848015488868,0.4223959870168191,0.26774525390442344,43,42,78,25,ses_20260701-120612-Marcos,507,514,0
555,7284,4596,2482,4802,2114,0.3407468423942889,0.5400348128807659,0.41784511784511785,0.26409874441370507,64,43,74,24,ses_20260701-120828-LAPTOP-0IM1OHQH,543,547,0
550,10822,4271,3119,7703,1152,0.288209203474404,0.7302739405291501,0.41330418074604125,0.26048104225822616,49,46,78,22,ses_20260701-123729-Marcos,537,542,0
603,6028,5570,3353,2675,2217,0.5562375580623756,0.6019748653500898,0.5782031384721504,0.40667070952092177,73,43,53,36,ses_20260701-124033-SIDDHIGUPTAB00B,591,596,0
538,5284,4215,2469,2815,1746,0.46725965177895534,0.5857651245551602,0.5198441941256976,0.35120910384068277,64,43,50,23,ses_20260701-124550-LAPTOP-0IM1OHQH,527,531,0
659,9598,5466,3352,6246,2114,0.3492394248801834,0.6132455177460666,0.44503451938396177,0.28620218579234974,72,85,76,26,ses_20260701-124636-MSI,607,649,0
618,6152,5416,3192,2960,2224,0.5188556566970091,0.5893648449039882,0.5518672199170124,0.38108882521489973,68,45,46,25,ses_20260701-131015-SIDDHIGUPTAB00B,606,609,0
664,8458,5523,3645,4813,1878,0.4309529439583826,0.6599674090168387,0.5214219297618197,0.35265092879256965,78,92,64,37,ses_20260701-131247-MSI,605,654,0
676,12169,6506,3747,8422,2759,0.307913550825869,0.5759299108515217,0.401285140562249,0.2510048231511254,64,47,97,40,ses_20260701-134215-SIDDHIGUPTAB00B,664,669,0
698,10954,6348,3783,7171,2565,0.3453532955997809,0.5959357277882797,0.4372904866489423,0.2798283896737924,74,65,101,32,ses_20260701-141430-SIDDHIGUPTAB00B,668,689,0
681,22037,6220,3890,18147,2330,0.17652130507782365,0.6254019292604501,0.2753300067239976,0.15964213895842738,72,75,189,35,ses_20260701-145907-MSI,639,671,0
209,1962,1848,908,1054,940,0.46279306829765543,0.49134199134199136,0.4766404199475066,0.31288766368022053,28,15,39,24,ses_20260701-152030-CHAITANYA0BCF,205,208,0
606,9418,9065,5730,3688,3335,0.6084094287534508,0.6321014892443464,0.6200292160363576,0.44930604563632087,68,41,81,95,ses_20260701-155031-CHAITANYA0BCF,592,599,0
443,5611,3376,2175,3436,1201,0.3876314382463019,0.6442535545023697,0.48403249137643267,0.3192894891368174,52,35,57,22,ses_20260701-172430-yuvraj,435,437,0
