config_id,context_max_seconds,context_score_min,is_current_baseline,logical_executions,pred_segments,gt_segments,segment_count_ratio,segment_count_delta,tp_0.5s,fp_0.5s,fn_0.5s,precision_0.5s,recall_0.5s,f1_0.5s,tp_1.0s,fp_1.0s,fn_1.0s,precision_1.0s,recall_1.0s,f1_1.0s,tp_2.0s,fp_2.0s,fn_2.0s,precision_2.0s,recall_2.0s,f1_2.0s,tp_5.0s,fp_5.0s,fn_5.0s,precision_5.0s,recall_5.0s,f1_5.0s,temporal_precision,temporal_recall,temporal_f1,pred_duration_p25,pred_duration_median,pred_duration_p75,gt_segments_split_2plus,gt_fragmentation_rate,pred_segments_span_2plus_gt,pred_merge_rate,iou_mean,iou_median,iou_ge_0_25,iou_ge_0_50,iou_ge_0_75
1,5.0,3,False,6143,4928,2009,2.4529616724738674,2919,548,9305,3098,0.055617578402517,0.1503017004936917,0.08119119934809987,610,9243,3036,0.06191007814878717,0.16730663741086121,0.09037706496777538,753,9100,2893,0.07642342433776515,0.20652770159078443,0.11156381954218832,1570,8283,2076,0.1593423322845834,0.4306088864509051,0.23260982294984817,0.9909317644655162,0.4158295570541447,0.585826053624291,2.574999988079071,4.087000131607056,9.614500045776367,1799,0.8954703832752613,1023,0.20758928571428573,0.266028766229365,0.21931562325283196,894,213,57
2,5.0,4,False,13162,6109,2009,3.0408163265306123,4100,7,12210,3639,0.0005729720880739953,0.0019199122325836533,0.0008825568933997351,60,12157,3586,0.0049111893263485305,0.016456390565002744,0.00756477337199773,852,11365,2794,0.06973888843414913,0.23368074602303895,0.10741978188236775,2648,9569,998,0.2167471556028485,0.7262753702687877,0.3338586648174998,0.9946420573487084,0.23774072168147078,0.38375563916093003,0.5130000114440918,2.433000087738037,3.8219997882843018,1898,0.944748631159781,361,0.05909314126698314,0.18109210816676105,0.15007942342704472,570,54,2
3,5.0,5,False,13867,6131,2009,3.051767048282728,4122,7,12254,3639,0.0005709159122420683,0.0019199122325836533,0.0008801156723455084,60,12201,3586,0.004893564962074872,0.016456390565002744,0.007543848620104357,234,12027,3412,0.019084903352091998,0.0641799232035107,0.02942100961840699,2312,9949,1334,0.18856536987195172,0.6341195831047723,0.29068963349468785,0.9942789905422194,0.21079074078201207,0.34783846861720824,0.17500019073486328,1.930999994277954,3.441999912261963,1898,0.944748631159781,361,0.058881096069156744,0.1779070587934098,0.14847289854351337,565,54,1
4,10.0,3,False,4612,3755,2009,1.869089099054256,1746,540,6966,3106,0.07194244604316546,0.14810751508502468,0.09684361549497847,598,6908,3048,0.07966959765520916,0.16401535929786068,0.10724533715925393,726,6780,2920,0.09672262190247802,0.1991223258365332,0.13020086083213772,1285,6221,2361,0.17119637623234746,0.35244103126714205,0.23045193687230991,0.9905069802527966,0.5078081091473534,0.6714041396203231,2.596500039100647,4.452999830245972,14.182500004768372,1265,0.6296665007466401,1027,0.27350199733688413,0.33836223373165564,0.2610773161400009,943,492,169
5,10.0,4,False,11356,5407,2009,2.6913887506222003,3398,6,10807,3640,0.0005548876352538611,0.0016456390565002743,0.0008299329137561382,56,10757,3590,0.00517895126236937,0.015359297860669226,0.007746040528390623,841,9972,2805,0.07777675020808286,0.23066374108612178,0.11632893007815201,2577,8236,1069,0.23832423934153335,0.7068019747668678,0.3564561864582613,0.9944775336506687,0.3059751480891463,0.46796844653048514,0.5785000324249268,2.9200000762939453,7.549499988555908,1866,0.9288203086112494,591,0.10930275568707232,0.22919369754415744,0.20328566946665633,852,175,4
6,10.0,5,False,12074,5458,2009,2.716774514683922,3449,6,10909,3640,0.0005497022446174989,0.0016456390565002743,0.0008241192225808668,56,10859,3590,0.005130554283096656,0.015359297860669226,0.007691779410754756,226,10689,3420,0.02070545121392579,0.06198573779484366,0.031041824050545976,2237,8678,1409,0.20494732020155748,0.6135490948985189,0.3072591168188998,0.9942898412736842,0.2779744623564518,0.43448076514592454,0.18650007247924805,2.2869999408721924,7.27949982881546,1866,0.9288203086112494,591,0.10828142176621473,0.22454361534791312,0.20079884079433352,849,175,1
7,15.0,3,False,4037,3617,2009,1.8003982080637133,1608,524,6706,3122,0.07247579529737207,0.1437191442676906,0.09635895549834497,581,6649,3065,0.08035961272475796,0.15935271530444323,0.10684075027583671,716,6514,2930,0.09903181189488243,0.1963795940756994,0.13166605369621184,1257,5973,2389,0.17385892116182572,0.3447613823368075,0.2311511585141596,0.9884703290986804,0.5645627814875759,0.7186627955449452,3.1050000190734863,5.113000154495239,18.556000232696533,1226,0.6102538576406172,1025,0.28338401990599943,0.3752131944980186,0.33004875930163063,1080,580,183
8,15.0,4,False,11026,5398,2009,2.6869089099054255,3389,6,10789,3640,0.000555812876331635,0.0016456390565002743,0.0008309673845301572,57,10738,3589,0.005280222325150533,0.015633571036752607,0.007894190153036494,845,9950,2801,0.07827698008337193,0.23176083379045528,0.1170279066546638,2585,8210,1061,0.2394627142195461,0.7089961601755348,0.3580084481684094,0.9945420741320468,0.30967114825902753,0.47228625013285797,0.5842500925064087,2.94599986076355,7.661249995231628,1870,0.9308113489298159,603,0.1117080400148203,0.23133602135287595,0.2073001574664367,865,179,4
9,15.0,5,False,11744,5449,2009,2.712294673967148,3440,6,10891,3640,0.0005506102597045058,0.0016456390565002743,0.0008251392422471292,57,10840,3589,0.005230797467192805,0.015633571036752607,0.007838822801347728,230,10667,3416,0.021106726622006057,0.06308283049917718,0.03163033761947329,2244,8653,1402,0.2059282371294852,0.6154690071311025,0.3086020766004263,0.9943599536742246,0.28150243936070474,0.4387851763481336,0.1959998607635498,2.303999900817871,7.437999963760376,1870,0.9308113489298159,602,0.11047898697008625,0.2265675797984507,0.20392050133869216,861,179,1
10,20.0,3,False,3554,3440,2009,1.7122946739671479,1431,521,6355,3125,0.07577079697498545,0.14289632473944047,0.0990306025470443,573,6303,3073,0.08333333333333333,0.1571585298957762,0.10891465500855349,706,6170,2940,0.1026759744037231,0.1936368623148656,0.13419501995818287,1240,5636,2406,0.18033740546829552,0.34009873834339,0.23569663562060442,0.9868315773539377,0.6419605881655253,0.7778855930540475,3.50600004196167,7.540000081062317,23.216499984264374,1160,0.5774016923842707,996,0.2895348837209302,0.42480417536021275,0.41839183372129063,1242,699,219
11,20.0,4,False,10712,5385,2009,2.6804380288700846,3376,6,10763,3640,0.0005571547961742037,0.0016456390565002743,0.0008324661810613944,56,10713,3590,0.005200111430959235,0.015359297860669226,0.007769684356573014,847,9922,2799,0.07865168539325842,0.23230938014262206,0.11751647589316683,2588,8181,1058,0.24031943541647321,0.7098189797037849,0.35907041276448143,0.9940629450326108,0.3152019118195628,0.47863583766633,0.5889999866485596,2.9660000801086426,7.816999912261963,1870,0.9308113489298159,609,0.11309192200557103,0.2350590136195408,0.211736593993255,881,190,4
12,20.0,5,False,11429,5436,2009,2.705823792931807,3427,6,10865,3640,0.0005519271456167786,0.0016456390565002743,0.0008266170696424882,56,10815,3590,0.0051513200257566,0.015359297860669226,0.0077150926499965555,232,10639,3414,0.021341182963848772,0.06363137685134394,0.03196252669284287,2247,8624,1399,0.20669671603348358,0.6162918266593527,0.3095680925811118,0.993837526444647,0.28703320292124,0.4454225736580829,0.19499993324279785,2.31499981880188,7.57925009727478,1870,0.9308113489298159,608,0.11184694628403238,0.23022172806407304,0.20839991982441664,877,190,1
13,30.0,3,False,3045,3316,2009,1.6505724240915878,1307,491,6137,3155,0.07407966203983102,0.13466812945693912,0.09558107845045748,536,6092,3110,0.08086904043452021,0.14701042238069117,0.10434105509051976,656,5972,2990,0.09897404948702475,0.17992320351069666,0.12770099279735256,1183,5445,2463,0.17848521424260713,0.32446516730663744,0.23029005255985985,0.9791685769354698,0.6874790567834727,0.8077986925185061,3.6000000834465027,9.60699999332428,26.045999944210052,1121,0.5579890492782479,978,0.29493365500603136,0.43976440256380733,0.44269334231356827,1268,738,223
14,30.0,4,False,10267,5365,2009,2.6704828272772523,3356,6,10723,3640,0.0005592319880697176,0.0016456390565002743,0.0008347826086956521,54,10675,3592,0.005033087892627458,0.014810751508502468,0.00751304347826087,841,9888,2805,0.07838568366110542,0.23066374108612178,0.11700869565217394,2582,8147,1064,0.24065616553266847,0.7081733406472847,0.3592347826086956,0.9924160737067032,0.3231029157492694,0.4874920538907343,0.5920000076293945,2.9709999561309814,7.867000102996826,1866,0.9288203086112494,617,0.11500465983224605,0.24035450189075155,0.2184245885632674,899,207,9
15,30.0,5,False,10939,5417,2009,2.6963663514186162,3408,6,10827,3640,0.0005538631957906397,0.0016456390565002743,0.0008287865184059673,54,10779,3592,0.004984768762115757,0.014810751508502468,0.007459078665653705,227,10606,3419,0.020954490907412537,0.062260010970927045,0.03135575661302577,2242,8591,1404,0.2069602141604357,0.6149204607789358,0.3096898957110298,0.992041114486636,0.29495778744007417,0.45471717456869515,0.19000005722045898,2.320000171661377,7.638000011444092,1866,0.9288203086112494,616,0.11371607901052243,0.23549212634797534,0.2157590437670823,895,207,6
16,45.0,3,False,2906,3303,2009,1.644101543056247,1294,467,6135,3179,0.07073614056346561,0.12808557323093803,0.09113973458235752,498,6104,3148,0.0754316873674644,0.13658804168952277,0.09718969555035128,656,5946,2990,0.09936382914268403,0.17992320351069666,0.12802498048399688,1194,5408,2452,0.1808542865798243,0.3274821722435546,0.23302107728337237,0.9775101346701733,0.6981440767260569,0.8145390687629158,3.5684999227523804,9.670000076293945,26.107499957084656,1117,0.5559980089596814,979,0.29639721465334545,0.444220459232424,0.4482205874489301,1272,760,229
17,45.0,4,False,9945,5334,2009,2.6550522648083623,3325,6,10661,3640,0.0005624824224242992,0.0016456390565002743,0.0008383986585621463,44,10623,3602,0.004124871097778195,0.012068019747668678,0.00614825682945574,800,9867,2846,0.0749976563232399,0.21941854086670323,0.11178648780828615,2557,8110,1089,0.23971125902315552,0.7013165112452002,0.3572975616572347,0.9882508338038241,0.33411531142408357,0.4993922996184499,0.5789999961853027,2.9684998989105225,7.936999976634979,1867,0.929318068690891,639,0.11979752530933634,0.24623909033307406,0.2255594519486664,915,228,16
18,45.0,5,False,10735,5396,2009,2.6859133897461422,3387,6,10785,3640,0.0005560189046427579,0.0016456390565002743,0.0008311976172334974,44,10747,3602,0.004077471967380225,0.012068019747668678,0.0060954491930456465,210,10581,3436,0.019460661662496524,0.0575973669775096,0.029091916603172403,2225,8566,1421,0.2061903438050227,0.6102578167855184,0.30823578305742194,0.9888603119402746,0.30312013420332545,0.4640062028158012,0.18400001525878906,2.314499855041504,7.746500074863434,1866,0.9288203086112494,634,0.11749444032616753,0.24001886392592875,0.21988371793441988,907,225,13
19,12.0,3,True,4403,3710,2009,1.8466898954703832,1701,536,6880,3110,0.07227615965480043,0.14701042238069117,0.09690833483999275,593,6823,3053,0.07996224379719526,0.16264399341744376,0.10721388537335019,720,6696,2926,0.0970873786407767,0.1974766867800329,0.13017537515819924,1272,6144,2374,0.1715210355987055,0.3488754799780581,0.22997649611281867,0.989739866575549,0.5199903787387793,0.6817843249425484,2.687000036239624,4.531000018119812,15.205999970436096,1247,0.6207068193130911,1022,0.27547169811320754,0.3474698579763202,0.27633845458561906,970,518,174
